<?xml version="1.0" encoding="UTF-8"?>
<!DOCTYPE mapper PUBLIC "-//mybatis.org//DTD Mapper 3.0//EN" "http://mybatis.org/dtd/mybatis-3-mapper.dtd">
<mapper namespace="com.qst.crop.dao.AddressDao">
    <!--MyBatis 的 SQL 映射文件 -->

    <!--字段与实体类属性的映射:
    数据库表 tb_address 的字段和实体类 Address 属性之间的映射关系
    数据库字段 own_name 映射到 Java 实体类中的 ownName 属性
     -->
    <resultMap id="BaseResultMap" type="com.qst.crop.entity.Address">
        <id column="id" jdbcType="INTEGER" property="id" />
        <result column="own_name" jdbcType="VARCHAR" property="ownName" />
        <result column="consignee" jdbcType="VARCHAR" property="consignee" />
        <result column="phone" jdbcType="VARCHAR" property="phone" />
        <result column="address_detail" jdbcType="VARCHAR" property="addressDetail" />
        <result column="is_default" jdbcType="TINYINT" property="isDefault" />
    </resultMap>

    <sql id="Base_Column_List">
        id, own_name, consignee, phone, address_detail, is_default
    </sql>
    <!-- 动态插入

-->
    <insert id="insertSelective" parameterType="com.qst.crop.entity.Address">
        insert into tb_address
        <trim prefix="(" suffix=")" suffixOverrides=",">
            <if test="id != null">
                id,
            </if>
            <if test="ownName != null">
                own_name,
            </if>
            <if test="consignee != null">
                consignee,
            </if>
            <if test="phone != null">
                phone,
            </if>
            <if test="addressDetail != null">
                address_detail,
            </if>
            <if test="isDefault != null">
                is_default,
            </if>
        </trim>
        <trim prefix="values (" suffix=")" suffixOverrides=",">
            <if test="id != null">
                #{id,jdbcType=INTEGER},
            </if>
            <if test="ownName != null">
                #{ownName,jdbcType=VARCHAR},
            </if>
            <if test="consignee != null">
                #{consignee,jdbcType=VARCHAR},
            </if>
            <if test="phone != null">
                #{phone,jdbcType=VARCHAR},
            </if>
            <if test="addressDetail != null">
                #{addressDetail,jdbcType=VARCHAR},
            </if>
            <if test="isDefault != null">
                #{isDefault,jdbcType=TINYINT},
            </if>
        </trim>
    </insert>
<!-- 动态查询 -->
    <select id="selectByExample" resultMap="BaseResultMap">
        select
        <include refid="Base_Column_List" />
        from tb_address
        <where>
            <if test="name != null and name != ''">
                and own_name = #{name}
            </if>
        </where>
    </select>
    <!--查询默认地址 -->
    <select id="selectOneByExample" resultMap="BaseResultMap">
        select
        <include refid="Base_Column_List" />
        from tb_address
        <where>
        <if test="name != null and name != ''">
            and own_name = #{name}
        </if>
        <if test="isDef != null and isDef != ''">
            and is_default = #{isDef}
        </if>
        </where>

    </select>
    <!--更新地址信息-->
    <update id="updateByPrimaryKey" parameterType="com.qst.crop.entity.Address">
        update tb_address
        set own_name = #{ownName,jdbcType=VARCHAR},
        consignee = #{consignee,jdbcType=VARCHAR},
        phone = #{phone,jdbcType=VARCHAR},
        address_detail = #{addressDetail,jdbcType=VARCHAR},
        is_default = #{isDefault,jdbcType=TINYINT}
        where id = #{id,jdbcType=INTEGER}
    </update>
     <!--删除地址-->
    <select id="selectByPrimaryKey" parameterType="java.lang.Integer" resultType="com.qst.crop.entity.Address">
        select
        <include refid="Base_Column_List" />
        from tb_address
        where id = #{id,jdbcType=INTEGER}
    </select>

    <delete id="deleteByPrimaryKey" parameterType="java.lang.Integer">
        delete from tb_address
        where id = #{id,jdbcType=INTEGER}
    </delete>
</mapper>