<?xml version="1.0" encoding="UTF-8"?>
<!DOCTYPE mapper PUBLIC "-//mybatis.org//DTD Mapper 3.0//EN" "http://mybatis.org/dtd/mybatis-3-mapper.dtd">
<mapper namespace="com.qst.crop.dao.DiscussDao">
  <resultMap id="BaseResultMap" type="com.qst.crop.entity.Discuss">
    <id column="discuss_id" jdbcType="INTEGER" property="discussId" />
    <result column="knowledge_id" jdbcType="INTEGER" property="knowledgeId" />
    <result column="own_name" jdbcType="VARCHAR" property="ownName" />
    <result column="content" jdbcType="VARCHAR" property="content" />
    <result column="create_time" jdbcType="TIMESTAMP" property="createTime" />
  </resultMap>
  <sql id="Base_Column_List">
    discuss_id, knowledge_id, own_name, content, create_time
  </sql>
  <select id="selectByKnowledgeId" parameterType="java.lang.Integer" resultMap="BaseResultMap">
    select 
    <include refid="Base_Column_List" />
    from tb_discuss
    where knowledge_id = #{knowledgeId,jdbcType=INTEGER}
  </select>
  <insert id="insertSelective" parameterType="com.qst.crop.entity.Discuss">
    insert into tb_discuss
    <trim prefix="(" suffix=")" suffixOverrides=",">
      <if test="discussId != null">
        discuss_id,
      </if>
      <if test="knowledgeId != null">
        knowledge_id,
      </if>
      <if test="ownName != null">
        own_name,
      </if>
      <if test="content != null">
        content,
      </if>
      <if test="createTime != null">
        create_time,
      </if>
    </trim>
    <trim prefix="values (" suffix=")" suffixOverrides=",">
      <if test="discussId != null">
        #{discussId,jdbcType=INTEGER},
      </if>
      <if test="knowledgeId != null">
        #{knowledgeId,jdbcType=INTEGER},
      </if>
      <if test="ownName != null">
        #{ownName,jdbcType=VARCHAR},
      </if>
      <if test="content != null">
        #{content,jdbcType=VARCHAR},
      </if>
      <if test="createTime != null">
        #{createTime,jdbcType=TIMESTAMP},
      </if>
    </trim>
  </insert>
</mapper>