<?xml version="1.0" encoding="UTF-8"?>
<!DOCTYPE mapper PUBLIC "-//mybatis.org//DTD Mapper 3.0//EN" "http://mybatis.org/dtd/mybatis-3-mapper.dtd">
<mapper namespace="com.qst.crop.dao.ReserveDao">
  <resultMap id="BaseResultMap" type="com.qst.crop.entity.Reserve">
    <id column="id" jdbcType="INTEGER" property="id" />
    <result column="expert_name" jdbcType="VARCHAR" property="expertName" />
    <result column="questioner" jdbcType="VARCHAR" property="questioner" />
    <result column="area" jdbcType="VARCHAR" property="area" />
    <result column="address" jdbcType="VARCHAR" property="address" />
    <result column="plant_name" jdbcType="VARCHAR" property="plantName" />
    <result column="soil_condition" jdbcType="VARCHAR" property="soilCondition" />
    <result column="plant_condition" jdbcType="VARCHAR" property="plantCondition" />
    <result column="plant_detail" jdbcType="VARCHAR" property="plantDetail" />
    <result column="phone" jdbcType="VARCHAR" property="phone" />
    <result column="message" jdbcType="VARCHAR" property="message" />
    <result column="answer" jdbcType="VARCHAR" property="answer" />
    <result column="status" jdbcType="INTEGER" property="status" />
  </resultMap>
  <sql id="Base_Column_List">
    id, expert_name, questioner, area, address, plant_name, soil_condition, plant_condition, 
    plant_detail, phone, message, answer, status
  </sql>
  <select id="selectByPrimaryKey" parameterType="java.lang.Integer" resultMap="BaseResultMap">
    select 
    <include refid="Base_Column_List" />
    from tb_reserve
    where id = #{id,jdbcType=INTEGER}
  </select>
  <select id="selectByReserve" parameterType="com.qst.crop.entity.Reserve" resultMap="BaseResultMap">
    select
    <include refid="Base_Column_List" />
    from tb_reserve
    <where>
      <if test="expertName != null">
        and expert_name = #{expertName,jdbcType=VARCHAR}
      </if>
      <if test="questioner != null">
        and questioner = #{questioner,jdbcType=VARCHAR}
      </if>
    </where>
  </select>
  <delete id="deleteByPrimaryKey" parameterType="java.lang.Integer">
    delete from tb_reserve
    where id = #{id,jdbcType=INTEGER}
  </delete>
  <insert id="insertSelective" parameterType="com.qst.crop.entity.Reserve">
    insert into tb_reserve
    <trim prefix="(" suffix=")" suffixOverrides=",">
      <if test="id != null">
        id,
      </if>
      <if test="expertName != null">
        expert_name,
      </if>
      <if test="questioner != null">
        questioner,
      </if>
      <if test="area != null">
        area,
      </if>
      <if test="address != null">
        address,
      </if>
      <if test="plantName != null">
        plant_name,
      </if>
      <if test="soilCondition != null">
        soil_condition,
      </if>
      <if test="plantCondition != null">
        plant_condition,
      </if>
      <if test="plantDetail != null">
        plant_detail,
      </if>
      <if test="phone != null">
        phone,
      </if>
      <if test="message != null">
        message,
      </if>
      <if test="answer != null">
        answer,
      </if>
      <if test="status != null">
        status,
      </if>
    </trim>
    <trim prefix="values (" suffix=")" suffixOverrides=",">
      <if test="id != null">
        #{id,jdbcType=INTEGER},
      </if>
      <if test="expertName != null">
        #{expertName,jdbcType=VARCHAR},
      </if>
      <if test="questioner != null">
        #{questioner,jdbcType=VARCHAR},
      </if>
      <if test="area != null">
        #{area,jdbcType=VARCHAR},
      </if>
      <if test="address != null">
        #{address,jdbcType=VARCHAR},
      </if>
      <if test="plantName != null">
        #{plantName,jdbcType=VARCHAR},
      </if>
      <if test="soilCondition != null">
        #{soilCondition,jdbcType=VARCHAR},
      </if>
      <if test="plantCondition != null">
        #{plantCondition,jdbcType=VARCHAR},
      </if>
      <if test="plantDetail != null">
        #{plantDetail,jdbcType=VARCHAR},
      </if>
      <if test="phone != null">
        #{phone,jdbcType=VARCHAR},
      </if>
      <if test="message != null">
        #{message,jdbcType=VARCHAR},
      </if>
      <if test="answer != null">
        #{answer,jdbcType=VARCHAR},
      </if>
      <if test="status != null">
        #{status,jdbcType=INTEGER},
      </if>
    </trim>
  </insert>
  <update id="updateByPrimaryKeySelective" parameterType="com.qst.crop.entity.Reserve">
    update tb_reserve
    <set>
      <if test="expertName != null">
        expert_name = #{expertName,jdbcType=VARCHAR},
      </if>
      <if test="questioner != null">
        questioner = #{questioner,jdbcType=VARCHAR},
      </if>
      <if test="area != null">
        area = #{area,jdbcType=VARCHAR},
      </if>
      <if test="address != null">
        address = #{address,jdbcType=VARCHAR},
      </if>
      <if test="plantName != null">
        plant_name = #{plantName,jdbcType=VARCHAR},
      </if>
      <if test="soilCondition != null">
        soil_condition = #{soilCondition,jdbcType=VARCHAR},
      </if>
      <if test="plantCondition != null">
        plant_condition = #{plantCondition,jdbcType=VARCHAR},
      </if>
      <if test="plantDetail != null">
        plant_detail = #{plantDetail,jdbcType=VARCHAR},
      </if>
      <if test="phone != null">
        phone = #{phone,jdbcType=VARCHAR},
      </if>
      <if test="message != null">
        message = #{message,jdbcType=VARCHAR},
      </if>
      <if test="answer != null">
        answer = #{answer,jdbcType=VARCHAR},
      </if>
      <if test="status != null">
        status = #{status,jdbcType=INTEGER},
      </if>
    </set>
    where id = #{id,jdbcType=INTEGER}
  </update>
</mapper>